project,nuts2
AMCER,BE10
AMCER,CH07
AMCER,DE92
AMCER,ES21
AMCER,ES61
AMCER,FI19
AMCER,FR10
AMCER,FR10
AMCER,ITI1
AMCER,UKE3
ARTS,AT13
ARTS,ITC4
ARTS,NL33
ARTS,NL33
ATTREG,BE24
ATTREG,DK01
ATTREG,ES51
ATTREG,ITD3
ATTREG,NL33
ATTREG,PL12
ATTREG,PT16
ATTREG,SL02
ATTREG,UKK1
BEST METROPOLISES,DE40
BEST METROPOLISES,DEA5
BEST METROPOLISES,FR10
BEST METROPOLISES,PL12
BEST METROPOLISES,SE11
BSR-TeMo,DE94
BSR-TeMo,EE00
BSR-TeMo,FI1B
BSR-TeMo,LT00
BSR-TeMo,PL12
BSR-TeMo,PL63
BSR-TeMo,SE11
CaDEC,BE10
CaDEC,BG41
CaDEC,ES30
CaDEC,FR10
CaDEC,ITI4
CaDEC,LV00
CaDEC,NL33
CaDEC,RO21
CaDEC,SK01
CAEE,ES51
CAEE,FR71
CAEE,IE02
CAEE,UKD3
CityBench,ES52
CityBench,NL32
DEMIFER,AT13
DEMIFER,ITI4
DEMIFER,NL33
DEMIFER,NL33
DEMIFER,PL12
DEMIFER,SE11
DEMIFER,UKE4
ECR3,UKL2
ECR4,EL12
ECR5,DED5
ECR6,PL63
ECR7,EE00
ECR8,UKD3
ECR9,UKI1
EDORA,AT13
EDORA,DE91
EDORA,DEA5
EDORA,EL23
EDORA,ES52
EDORA,HU10
EDORA,IE02
EDORA,PL12
EDORA,PL12
EDORA,PT17
EDORA,SE11
EDORA,SL02
EDORA,UKC2
EDORA,UKK1
EDORA,UKM12
EDORA,UKM5
EGRONET,BG41
EGRONET,EL30
EGRONET,RO21
EGRONET,RO32
ENECON,DK05
ENECON,EE00
ENECON,FI1D
ENECON,IS00
ENECON,LT00
ENECON,LV00
ENECON,NO01
ENECON,SE11
ESaTDOR,DE80
ESaTDOR,EL14
ESaTDOR,ES51
ESaTDOR,ES52
ESaTDOR,ES61
ESaTDOR,NL32
ESaTDOR,NO01
ESaTDOR,RO22
ESaTDOR,UKD7
ESPON Atlas,DEA2
ESPON Atlas,DEA5
ESPON Atlas,HU10
ESPON Climate,CH04
ESPON Climate,DE40
ESPON Climate,DEA5
ESPON Climate,ES51
ESPON Climate,FI18
ESPON Climate,FI1B
ESPON Climate,HU10
ESPON Climate,HU10
ESPON Climate,NL31
ESPON Climate,NO01
ESPON Climate,RO32
ESPON Climate,SK04
ESPON Climate,UKC2
ESPON DATABASE 2014,FR10
ESPON DATABASE 2014,FR71
ESPON DATABASE 2014,ES51
ESPON DATABASE 2014,BE10
ESPON DATABASE 2014,RO21
ESPON DATABASE 2014,FR10
ESPON DATABASE 2014,LU00
ESPON DeTeC,AT13
ESPON DeTeC,PL12
ESPON DeTeC,SE11
ESPON ON THE ROAD,BE10
ESPON ON THE ROAD,DEA2
ESPON ON THE ROAD,EE00
ESPON ON THE ROAD,EL30
ESPON ON THE ROAD,ES30
ESPON ON THE ROAD,FI1D
ESPON ON THE ROAD,FR10
ESPON ON THE ROAD,HU10
ESPON ON THE ROAD,IE02
ESPON ON THE ROAD,IS00
ESPON ON THE ROAD,ITI4
ESPON ON THE ROAD,LT00
ESPON ON THE ROAD,LU00
ESPON ON THE ROAD,LV00
ESPON ON THE ROAD,PL12
ESPON ON THE ROAD,RO21
ESPON ON THE ROAD,SE11
ESPON ON THE ROAD,SL02
ESPON ON THE ROAD,UKI1
ESPON TANGO,HU23
ESPON TANGO,ITC1
ESPON TANGO,NL33
ESPON TANGO,SE11
ESPON TANGO,SL02
ESPON TANGO,UKC2
ESPON TeDi,CH01
ESPON TeDi,EL30
ESPON TeDi,RO21
ESPON TeDi,SE11
ESPON-INTERSTRAT,BE10
ESPON-INTERSTRAT,BG41
ESPON-INTERSTRAT,EL30
ESPON-INTERSTRAT,IE02
ESPON-INTERSTRAT,ITI4
ESPON-INTERSTRAT,PL12
ESPON-INTERSTRAT,RO21
ESPON-INTERSTRAT,SL02
ESPON-INTERSTRAT,UKI1
ESPONTrain,BG41
ESPONTrain,CY00
ESPONTrain,CZ06
ESPONTrain,EE00
ESPONTrain,EL30
ESPONTrain,ITI4
ESPONTrain,LT00
ESPONTrain,MT00
ESPONTrain,RO21
ESPONTrain,SL02
ET2051,ES51
ET2052,SE11
ET2053,EL14
ET2054,ITI4
ET2055,ES51
ET2056,FR42
ET2057,BE10
ET2058,HU23
ET2059,ITC4
ET2060,PL12
ET2061,DEA5
ET2062,NL42
ET2063,PL12
ETMS,CH01
ETMS,CZ01
ETMS,ES51
ETMS,ES51
ETMS,SE11
EU-LUPA,ES51
EU-LUPA,ES51
EU-LUPA,NL22
EU-LUPA,PL12
EU-LUPA,SE11
FOCI,BE10
FOCI,CH01
FOCI,EL30
FOCI,ES51
FOCI,FR10
FOCI,FR10
FOCI,PL12
GEOSPECS,AT13
GEOSPECS,CH01
GEOSPECS,DED2
GEOSPECS,EL41
GEOSPECS,FR10
GEOSPECS,IE02
GEOSPECS,LU00
GEOSPECS,MT00
GEOSPECS,NL22
GEOSPECS,SE11
GEOSPECS,UKM2
GREECO,DEA5
GREECO,DK02
GREECO,ES21
GREECO,HU10
GREECO,SE11
INTERCO,CH01
INTERCO,EL30
INTERCO,SE11
ISTED,ES51
ISTED,FR71
ISTED,ITC1
ISTED,ITC4
ISTED,ITC4
ITAN,BE10
ITAN,ES51
ITAN,FR10
ITAN,SE11
KIT,ES51
KIT,ITC4
KIT,ITG2
KIT,SK01
KIT,UKI1
KIT,UKL2
KITCASP,ES51
KITCASP,IE02
KITCASP,IS00
KITCASP,LV00
KITCASP,UKI1
LIVELAND,DE14
LIVELAND,ES21
LIVELAND,ES22
LIVELAND,NL22
LIVELAND,SE11
LIVELAND,SL02
LP3LP,BE10
LP3LP,DEA2
LP3LP,NL22
M4D,ES51
M4D,FR10
M4D,FR10
M4D,FR71
M4D,IE02
M4D,RO21
METROBORDER,BE10
METROBORDER,CH04
METROBORDER,LU00
METROBORDER,LU00
NORBA,EE00
NORBA,FI1D
NORBA,IS00
NORBA,LV00
NORBA,NO01
NORBA,SE11
NSS,DE80
NSS,DE94
NSS,ES61
NSS,NL33
NSS,NO01
NSS,UKD7
OBSEURISLES,DK01
OBSEURISLES,EL41
OBSEURISLES,MT00
POLYCE,AT13
POLYCE,CZ01
POLYCE,CZ01
POLYCE,HU33
POLYCE,ITC4
POLYCE,LU00
POLYCE,SK01
POLYCE,SL02
PURR,LV00
PURR,NO01
PURR,UKI1
ReRisk,EL30
ReRisk,ES21
ReRisk,SE11
RIMAP,ES52
RISE,DK01
RISE,NL33
RISE,SE11
RISE,SE33
RISE,UKG3
SCALES,AT13
SCALES,CH02
SCALES,DEA2
SCALES,HU10
SCALES,HU10
SCALES,LU00
SEARCH,CH03
SEARCH,ITF3
SeGI,AT13
SeGI,DEA2
SeGI,ES22
SeGI,HU10
SeGI,IS00
SeGI,NO01
SeGI,PL12
SeGI,PT17
SeGI,RO32
SeGI,SE11
SeGI,UKK1
SEMIGRA,DED5
SEMIGRA,FI1D
SEMIGRA,HU23
SEMIGRA,HU31
SEMIGRA,SE11
SGPTDE,FI19
SGPTDE,HU10
SGPTDE,UKD7
SIESTA,EL23
SIESTA,ES11
SIESTA,ES51
SIESTA,FR10
SIESTA,IE02
SIESTA,ITF6
SIESTA,PL41
SIESTA,RO32
SPAN-1,ES51
SPAN-2,ITC4
TERCO,BE10
TERCO,EL14
TERCO,ES30
TERCO,FI1D
TERCO,PL12
TERCO,UKM3
TerrEvi,AT13
TerrEvi,ITI3
TerrEvi,RO21
TIA,NL33
TIA,PT11
TIA,SL02
TIA,UKD7
TIGER,BE10
TIGER,BG41
TIGER,FR25
TIGER,ITI4
TIGER,SE21
TIGER,UKJ1
TIP-RED,CH03
TIP-RED,EL30
TIP-RED,FI19
TIP-RED,ITC3
TIPSE,DEA5
TIPSE,EL30
TIPSE,SE11
TIPSE,UKC2
TIPSE,UKC2
TIPSE,UKM6
TIPTAP,ITC4
TIPTAP,NL32
TIPTAP,UKC2
TOWN,BE24
TOWN,CZ01
TOWN,ES51
TOWN,FR24
TOWN,UKK1
TPM,BE10
TPM,BE24
TPM,DEA5
TPM,ES22
TPM,ES51
TPM,IE02
TRACC,CZ01
TRACC,DE94
TRACC,DEA5
TRACC,ES51
TRACC,FI1D
TRACC,ITC4
TRACC,PL12
TranSMec,DEA2
ULYSSES,DE12
ULYSSES,EL11
ULYSSES,ES21
ULYSSES,FI1C
ULYSSES,PT16
USESPON,DEA2
USESPON,EL30
USESPON,FR10
USESPON,LU00
USESPON,PL12
USESPON,UKI1
